1;7 ;1
2;8X4 ;2
3;9 ;1
4;ABANT ;3
5;ABC ;4
6;ABC ;5
7;ABİDO ;4
8;ACAR ;6
9;ACAR ;7
10;ACCORD ;5
11;ACCORD ;4
12;ACE ;5
13;ACE ;4
14;ACIBADEM ;4
15;ACORD ;5
16;ACORD ;2
17;ACORD ;4
18;ACORT ;5
19;ACTIVIA ;8
20;ACTIVIA ;4
21;ACTIVIA ;1
22;ACTİVEX ;4
23;ACTİVEX ;5
24;ACTİVİA ;4
25;AÇ ;9
26;AÇELYA ;2
27;ADALYA ;5
28;ADI ;9
29;ADIDAS ;4
30;ADİ ;4
31;ADİDAS ;2
32;AFSEM ;4
33;AĞDA ;2
34;AĞDA ;4
35;AHİAO ;10
36;AHSEN ;4
37;AHSEN ;8
38;AHUDUDU ;3
39;AIR ;2
40;AİHAO ;10
41;AİR ;4
42;AİR ;5
43;AİR ;2
44;AJAX ;5
45;AJAX ;4
46;AKAT ;5
47;AKBEL ;4
48;AKİDE ;11
49;AKMINA ;4
50;AKMİNA ;3
51;AKMİNA ;4
52;AKSARAL ;4
53;AKTAR ;12
54;AKTAR ;4
55;AKTİVİA ;1
56;ALATURKA ;1
57;ALBENİ ;4
58;ALDİVA ;4
59;ALG ;4
60;ALGIDA ;4
61;ALGİDA ;13
62;ALGİDA ;4
63;ALGİDAMARAŞ ;13
64;ALGİDAVCARTE ;4
65;ALGİDAVMAGNUM ;4
66;ALKIŞ ;8
67;ALO ;5
68;ALO ;4
69;ALPELLA ;1
70;ALTINAY ;9
71;ALTINAY ;6
72;ALTINAYET ;4
73;ALTINBAŞAK ;1
74;ALTINBOĞA ;9
75;ALTINKILIÇ ;3
76;ALTINKILIÇ ;4
77;ALTINKILIÇ ;6
78;ALTINŞEKER ;1
79;ALTUN ;8
80;ALTUN ;4
81;AMELİYAT ;5
82;AMOY ;4
83;AMPUL ;4
84;AMPÜL ;7
85;ANAHTARLIK ;7
86;ANAVARZA ;8
87;ANCORA ;4
88;ANCORA ;3
89;ANGRY ;15
90;ANIL ;4
91;ANKARA ;8
92;ANKARA ;4
93;ANL ;4
94;ANTEP ;8
95;ANTEP ;11
96;ANTEPSAN ;1
97;ANTEPSAQN ;4
98;ANTİK ;7
99;APTAMİL ;4
100;APTAMİL ;1
101;AQUA ;5
102;ARABA ;16
103;ARAÇ ;5
104;ARAP ;17
105;ARAPKIZI ;14
106;ARAS ;15
107;ARAS ;4
108;ARBELLA ;8
109;ARBELLA ;4
110;AREKA ;8
111;ARI ;8
112;ARI ;17
113;ARI ;1
114;ARI ;4
115;ARİEL ;5
116;ARİEL ;4
117;ARİELMATİK ;5
118;ARKO ;2
119;ARKO ;4
120;ARKOMEN ;2
121;ARLIS ;2
122;ARMELİT ;5
123;ARMUT ;14
124;ARMUTÇUOĞLU ;8
125;AROMA ;3
126;ARON ;2
127;ARPA ;8
128;ARPACIK ;14
129;ARPACIK ;4
130;ARTİSTİK ;4
131;ASETON ;5
132;ASETON ;4
133;ASİL ;17
134;ASİL ;4
135;ASLANLI ;2
136;ASPEROX ;4
137;ASPİRİX ;4
138;ASTRA ;4
139;ASTRAP ;18
140;ASYEM ;18
141;AŞURELİK ;19
142;ATA ;9
143;ATA ;4
144;ATC ;7
145;ATC ;4
146;ATEŞOĞLU ;3
147;ATEŞOĞLU ;8
148;ATINKILIÇ ;8
149;ATLAMA ;4
150;ATLAMA ;15
151;ATMACA ;15
152;ATOM ;1
153;ATOMİX ;1
154;AXE ;2
155;AXE ;4
156;AY ;4
157;AY-POP ;1
158;AYAKKABI ;7
159;AYGAZ ;7
160;AYKEN ;4
161;AYKET ;4
162;AYNES ;4
163;AYNES ;9
164;AYNES ;3
165;AYRAN ;4
166;AYRAN ;3
167;AYSAN ;8
168;AYSAN ;4
169;AYTAÇ ;9
170;AYVA ;14
171;AZ ;6
172;AZMAN ;14
173;B&M ;2
174;BABET ;2
175;BABY ;15
176;BABY ;2
177;BABY ;8
178;BACA ;5
179;BADEM ;11
180;BADEM ;1
181;BAGETTA ;17
182;BAĞBAŞI ;8
183;BAĞCI ;4
184;BAĞCI ;6
185;BAĞCI ;9
186;BAHÇEKÖY ;8
187;BAHÇEKÖYBAL ;8
188;BAKLAVA ;20
189;BAKLAVALIK ;19
190;BAKLAVALIK ;17
191;BAKLVALIK ;17
192;BAKTAT ;17
193;BAL ;20
194;BAL ;14
195;BAL ;8
196;BALABAN ;3
197;BALABAN ;4
198;BALABAN ;9
199;BALDAN ;1
200;BALDAN ;4
201;BALDANTATLI ;4
202;BALDO ;19
203;BALIK ;1
204;BALİN ;1
205;BALKÜPÜ ;8
206;BALKÜPÜ ;4
207;BALL ;1
208;BALLI ;8
209;BALMAR ;8
210;BALONCUK ;5
211;BALPARMAK ;8
212;BALPARMAK ;4
213;BALSAMİCO ;8
214;BANAT ;2
215;BANYO ;2
216;BANYO ;5
217;BARAN ;4
218;BARBİ ;1
219;BARBİE ;1
220;BARBİE ;4
221;BARBİE ;15
222;BARBUNYA ;8
223;BARDAK ;5
224;BARDAK ;16
225;BARDAK ;3
226;BARİLLA ;8
227;BARUT ;11
228;BASKET ;5
229;BAŞYAZICI ;4
230;BAYER ;5
231;BAYER ;4
232;BAYRAM ;21
233;BAYRAM ;5
234;BAYRAM ;1
235;BEBE ;1
236;BEBELAC ;8
237;BEBELAC ;1
238;BEBETO ;1
239;BEBETO ;4
240;BEBETO ;15
241;BECEL ;8
242;BENİMO ;4
243;BERALLİ ;21
244;BERRAK ;8
245;BERRAK ;5
246;BESNİ ;11
247;BEST ;18
248;BEŞİKDÜZÜ ;9
249;BEŞİKDÜZÜ ;6
250;BEŞLER ;9
251;BETAFEN ;7
252;BETWEEN ;4
253;BEYAZ ;11
254;BEYAZ ;14
255;BEYAZ ;4
256;BEYB ;4
257;BEYBİ ;4
258;BEYBİ ;5
259;BEYBİ ;7
260;BEYBY ;2
261;BEYÇAY ;8
262;BEYLİCE ;2
263;BEYOĞLU ;1
264;BEYOĞLU ;4
265;BEYOĞLU ;17
266;BEYOĞLU ;3
267;BEYOL ;4
268;BEYPAZARI ;3
269;BEYPİLİÇ ;8
270;BEZ ;4
271;BEZ ;15
272;BFK ;1
273;BIANCA ;4
274;BIGBABOL ;4
275;BILDIRCIN ;8
276;BINGO ;4
277;BİBERLİ ;6
278;BİC ;5
279;BİEN ;1
280;BİG ;1
281;BİG ;4
282;BİGBABOL ;1
283;BİLLUR ;8
284;BİLLUR ;4
285;BİNBOĞA ;8
286;BİNBOĞA ;4
287;BİNGO ;5
288;BİNGO ;4
289;BİO ;5
290;BİOBAK ;5
291;BİOBLAS ;5
292;BİOBLAS ;2
293;BİRAY ;8
294;BİRPACK ;5
295;BİRYAĞ ;8
296;BİRYAĞ ;4
297;BİSCOLATA ;1
298;BİSCOLATA ;4
299;BİSCOLATA ;8
300;BİSKOLATA ;8
301;BİTKİSEL ;8
302;BİZCE ;8
303;BİZİM ;8
304;BİZİM ;4
305;BLADE ;2
306;BLENDAX ;2
307;BLENDAX ;5
308;BLENDAX ;4
309;BLUE ;4
310;BLUESOFT ;5
311;BOĞAZİÇİ ;5
312;BOĞAZİÇİ ;4
313;BOLÇİ ;4
314;BON ;13
315;BONART ;1
316;BONART ;4
317;BONART ;15
318;BONAS ;7
319;BONAS ;5
320;BONİBON ;1
321;BONNİE ;18
322;BONSERVİS ;9
323;BOOM ;1
324;BORCAM ;21
325;BORCAM ;5
326;BORCAM ;4
327;BORON ;4
328;BOSTON ;14
329;BOUNTY ;4
330;BOVNTY ;1
331;BOZKURT ;5
332;BÖĞÜRTLEN ;3
333;BRAVE ;4
334;BRAVO ;2
335;BRAVO ;4
336;BREF ;4
337;BREF ;5
338;BREFF ;5
339;BROFAR ;5
340;BROOKLYN ;1
341;BROWNİ ;1
342;BRUNO ;10
343;BRUNO ;5
344;BRUT ;4
345;BUĞDAY ;18
346;BULAŞIK ;5
347;BULAŞIK ;4
348;BULAŞIK ;16
349;BURN ;3
350;BURSA ;8
351;BUZDAĞ ;3
352;BUZDAĞI ;8
353;BUZZER ;3
354;BÜRÜCEK ;8
355;BÜYÜK ;4
356;BÜYÜK ;15
357;BÜYÜK ;16
358;BÜZGÜLÜ ;5
359;BY ;4
360;BYBON ;15
361;CAFE ;1
362;CAKMAK ;4
363;CALCE ;8
364;CALDİON ;2
365;CALDİON ;5
366;CALE ;8
367;CALGON ;5
368;CALGONİT ;5
369;CALİFORNİA ;14
370;CALVE ;8
371;CALVE ;4
372;CAM ;5
373;CAM ;4
374;CAMEL ;4
375;CAMSİL ;4
376;CAMSİL ;5
377;CAN ;4
378;CANBEBE ;2
379;CANBEBE ;4
380;CANDY ;4
381;CANDY ;1
382;CANPED ;2
383;CANPED ;5
384;CANTÜRK ;4
385;CAPAR ;15
386;CAPPY ;3
387;CAPRİ-SUN ;3
388;CAPSULE ;15
389;CAREX ;4
390;CARLOTTI ;1
391;CARMEN ;2
392;CARTE ;8
393;CARTE ;13
394;CARTE ;4
395;CARTLOS ;5
396;CAT ;18
397;CECE ;1
398;CEM ;5
399;CEM ;21
400;CEP ;2
401;CEP ;5
402;CEVİZ ;11
403;CEVİZLİ ;8
404;CEYLAN ;9
405;CEZERYE ;1
406;CHAMPION ;18
407;CHARM ;4
408;CHASE ;4
409;CHEEEETOS ;1
410;CHEES ;4
411;CHEETOS ;1
412;CHEFS ;4
413;CHETOS ;1
414;CHIDRENS ;15
415;CHİA ;8
416;CHOCO ;4
417;CHOKELLA ;1
418;CHUPA ;1
419;CILLIT ;5
420;CIPS ;1
421;CİCİ ;13
422;CİCİ ;1
423;CİF ;5
424;CİF ;8
425;CİF ;4
426;CİLLİT ;5
427;CİN ;19
428;CİNO ;1
429;CİNO ;4
430;CİPS ;1
431;CİPS ;11
432;CİVA ;7
433;CLARO ;5
434;CLASH ;15
435;CLASSICS ;13
436;CLEAN ;18
437;CLEAR ;2
438;CLEAR ;4
439;CLİN ;5
440;CLİN ;4
441;CLİPER ;7
442;CLİPPER ;4
443;CLORA ;5
444;COCA ;3
445;COCA ;4
446;COCA-COLA ;15
447;COCO ;1
448;COCO ;4
449;COHIBA ;4
450;COLA ;3
451;COLGATE ;2
452;COLGATE ;4
453;COLGATE ;5
454;COLGETE ;2
455;COLGETR ;2
456;CONDOM ;4
457;CONTİ ;5
458;COOK ;4
459;COOK ;5
460;COOKİES ;1
461;COOL ;1
462;COOLFRESH ;1
463;COPER ;4
464;CORNETTE ;13
465;CORNETTO ;13
466;COSBY ;5
467;COSBY ;1
468;COSBY ;4
469;COSMETİK ;2
470;COŞKUN ;6
471;COTTON ;4
472;CP ;4
473;CRAX ;1
474;CRAX ;4
475;CRAZY ;1
476;CREAM ;2
477;CRUNCH ;1
478;CRYSTAL ;16
479;CUMHURİYET ;6
480;ÇAKMAK ;7
481;ÇAKMAK ;4
482;ÇAKMAK ;5
483;ÇALDAĞ ;4
484;ÇALI ;5
485;ÇAMAŞIR ;7
486;ÇAMAŞIR ;16
487;ÇAMAŞIR ;5
488;ÇAMAŞIR ;4
489;ÇAMLICA ;3
490;ÇAMSAKIZI ;2
491;ÇANTALI ;15
492;ÇAPANOĞLU ;4
493;ÇARLİSTON ;14
494;ÇAVDARLI ;17
495;ÇAY ;8
496;ÇAY ;4
497;ÇAY ;21
498;ÇAYDANLIK ;21
499;ÇAYKUR ;4
500;ÇAYKUR ;8
501;ÇAYLI ;1
502;ÇEK-PAS ;5
503;ÇEKÇEK ;5
504;ÇEKİRDEK ;11
505;ÇEKPAS ;16
506;ÇELİK ;5
507;ÇELİK ;4
508;ÇENGELKÖY ;14
509;ÇENGELLİ ;7
510;ÇEREZZA ;1
511;ÇERİ ;14
512;ÇILGIN ;4
513;ÇIRA ;5
514;ÇITIR ;6
515;ÇİÇEK ;6
516;ÇİĞ ;11
517;ÇİĞ ;6
518;ÇİĞ ;8
519;ÇİĞKÖFTE ;9
520;ÇİKOLATA ;1
521;ÇİKOLATALI ;1
522;ÇİSİL ;5
523;ÇİTLİYO ;4
524;ÇİZGİLİ ;10
525;ÇİZİ ;4
526;ÇİZMECI ;4
527;ÇİZMECİ ;1
528;ÇOBAN ;9
529;ÇOBAN ;3
530;ÇOBANPINAR ;3
531;ÇOBANYILDIZI ;9
532;ÇOCUK ;15
533;ÇOCUK ;7
534;ÇOCUK ;4
535;ÇOKOPRENS ;1
536;ÇORAP ;7
537;ÇORBA ;16
538;ÇOTANAK ;8
539;ÇÖP ;5
540;ÇÖP ;7
541;ÇUBUK ;1
542;ÇUKUROVA ;7
543;DAC ;5
544;DAC ;4
545;DAĞ ;11
546;DAİMOND ;5
547;DAKOTA ;1
548;DAL ;8
549;DALAN ;4
550;DALAN ;5
551;DALİN ;5
552;DALİN ;2
553;DALİN ;4
554;DALLI ;14
555;DAMAK ;1
556;DAMAK ;4
557;DAMLA ;3
558;DAMLA ;4
559;DAMLA ;8
560;DANA ;4
561;DANAONE ;4
562;DANET ;9
563;DANET ;22
564;DANET ;6
565;DANET ;4
566;DANET ;8
567;DANETTE ;1
568;DANETTE ;4
569;DANİNO ;8
570;DANİNO ;4
571;DANİSSİMO ;1
572;DANNETTE ;4
573;DANONE ;1
574;DANONE ;3
575;DANONE ;8
576;DANONE ;4
577;DARDANEL ;4
578;DARDANEL ;8
579;DAVİDOFF ;4
580;DE. ;18
581;DEFTER ;10
582;DEFTER ;4
583;DEFTER- ;4
584;DEKORATİF ;4
585;DELBA ;4
586;DELETE ;1
587;DELUXE ;7
588;DENİZ ;5
589;DERBİ ;2
590;DERBY ;2
591;DERBY ;4
592;DERMAN ;9
593;DESTAN ;8
594;DETAN ;5
595;DETAYLI ;5
596;DETOX ;4
597;DETOX ;2
598;DEV ;15
599;DEVANİT ;2
600;DEX ;2
601;DEX ;5
602;DİANA ;4
603;DİDİ ;3
604;DİDO ;15
605;DİFAŞ ;2
606;DİFAŞ ;5
607;DİFAŞ ;4
608;DİJİTAL ;4
609;DİL ;9
610;DİLİM ;20
611;DİMES ;3
612;DİMES ;4
613;DİNO ;4
614;DİPPO ;13
615;DİSNEY ;15
616;DİŞ ;2
617;DİZALTI ;7
618;DOA ;4
619;DOGADAN ;8
620;DOĞA ;4
621;DOĞADAN ;4
622;DOĞADAN ;8
623;DOĞADAN ;9
624;DOĞAL ;12
625;DOĞAL ;4
626;DOĞAL ;5
627;DOĞANAY ;8
628;DOĞANBEY ;9
629;DOĞANDAN ;8
630;DOĞUM ;7
631;DOĞUŞ ;8
632;DOĞUŞ ;4
633;DOKTOR ;4
634;DOLCİA ;8
635;DOLMA ;12
636;DOLMALIK ;14
637;DOLPHIN ;2
638;DOLPHIN ;4
639;DOLPHİN ;5
640;DOLPHİN ;2
641;DOMESTOS ;5
642;DOMESTOS ;4
643;DOMESTOS+CİF ;5
644;DOMY ;5
645;DORA ;21
646;DORİTOS ;1
647;DORİTOS ;4
648;DORİTOS ;8
649;DOVE ;5
650;DOVE ;4
651;DOVE ;2
652;DOYTAT ;4
653;DÖKME ;6
654;DR ;4
655;DR ;1
656;DR ;8
657;DR. ;4
658;DR. ;18
659;DR. ;2
660;DR.C.TUNA ;4
661;DR.CHEF ;18
662;DR.OETKER ;4
663;DR.OETKER ;8
664;DR.QETKER ;4
665;DRAJE ;1
666;DREAM ;15
667;DREAMİES ;4
668;DRYNİTES ;5
669;DUDU ;5
670;DUEU ;5
671;DUKHA ;4
672;DUNLOP ;5
673;DURACELL ;7
674;DURAN ;4
675;DURU ;5
676;DURU ;19
677;DURU ;4
678;DURU ;2
679;DURUKAN ;4
680;DUŞ ;5
681;DUT ;11
682;ECEM ;2
683;EDA ;5
684;EDA ;2
685;EDA ;4
686;EDSON ;7
687;EGE ;8
688;EGEBİRLİK ;8
689;EGEMEN ;12
690;EGOİSTE ;2
691;EKBAY ;5
692;EKER ;3
693;EKER ;8
694;EKER ;4
695;EKER-KEFIR ;4
696;EKMEK ;17
697;EKMEK ;20
698;EKO ;5
699;EKO ;6
700;EKOL ;4
701;EKOMİS ;5
702;EKONET ;5
703;EKOSTAR ;5
704;EKŞİ ;14
705;EKŞİ ;4
706;EL ;17
707;EL ;4
708;ELBİPAK ;4
709;ELDE ;2
710;ELDİVEN ;4
711;ELDİVEN ;5
712;ELEKTİRİK ;7
713;ELEKTRİK ;5
714;ELEKTRİK ;4
715;ELENOR ;4
716;ELENOR ;5
717;ELIDOR ;4
718;ELİDOR ;4
719;ELİDOR ;2
720;ELİDOR ;5
721;ELİSE ;5
722;ELİT ;1
723;ELİT ;2
724;ELKA ;7
725;ELMA ;1
726;ELMALI ;20
727;ELMİNA ;5
728;ELSE ;5
729;ELSEVE ;4
730;ELSEVE ;2
731;ELVAN ;1
732;ELZA ;5
733;EMEK ;5
734;EMETİON ;2
735;EMOJİ ;15
736;EMOTİON ;2
737;EMOTİON ;5
738;EMRAH ;8
739;EMRAH ;4
740;ENDER ;1
741;ENDY ;4
742;ENFES ;4
743;ENKOV ;5
744;ENS ;4
745;ENTABİ ;8
746;ENTOX ;5
747;EPHESUS ;4
748;EPİLADY ;2
749;EPİLADY ;4
750;EPİLAYDY ;2
751;EPİLEYDY ;2
752;EPOLADY ;4
753;EQUAL ;2
754;ERBAY ;15
755;ERCİYES ;1
756;ERCİYES ;4
757;ERDINC ;4
758;ERDİNÇ ;8
759;ERDİNÇ ;12
760;ERDİNÇ ;18
761;ERDİNLER ;7
762;ERİK ;11
763;ERİK ;8
764;ERİKLİ ;3
765;ERİKLİ ;4
766;ERİŞ ;8
767;ERİŞ ;4
768;ERKEK ;7
769;ERKEK ;2
770;ERNET ;4
771;ERPİLİÇ ;9
772;ERPİLİÇ ;8
773;ERPİLİÇ ;4
774;ERPİLİÇ ;22
775;ERSAN ;4
776;ERZİCAN ;19
777;ERZİNCAN ;4
778;ERZİNCAN ;8
779;ERZİNCAN ;6
780;ERZURUM ;19
781;ESEM ;18
782;ESEMMAT ;18
783;ESEMMAT ;4
784;ESKİ ;6
785;ESRA ;2
786;ESRA ;4
787;ESSE ;4
788;EŞARP ;7
789;ETI ;4
790;ETİ ;1
791;ETİ ;4
792;ETİ ;13
793;ETİ ;8
794;ETİFORM ;1
795;ETİMEK ;4
796;ETİMEK ;1
797;ETİMÖ ;5
798;EUROFRESH ;4
799;EUROFRESH ;5
800;EV ;6
801;EV ;9
802;EV ;8
803;EVE ;8
804;EVONY ;4
805;EVY ;2
806;EXCELLENCE ;2
807;EXTRA ;4
808;EZMECİM ;8
809;FA ;2
810;FABER ;10
811;FABER ;4
812;FAİRY ;5
813;FAİRY ;4
814;FAKİR ;5
815;FAKİR ;2
816;FALIM ;1
817;FALIM ;8
818;FAMASİ ;4
819;FAMİLİA ;5
820;FAMİLİA ;2
821;FAMİLİA ;4
822;FAMİLLİA ;5
823;FANTA ;3
824;FARASİ ;4
825;FARE ;18
826;FARELL ;2
827;FARMA ;4
828;FARMASI ;4
829;FAST ;4
830;FATİH ;10
831;FATOŞ ;2
832;FATOŞ ;16
833;FAVORİ ;5
834;FAX ;4
835;FAX ;5
836;FEAT ;5
837;FEBREZE ;2
838;FEBREZE ;4
839;FELİX ;18
840;FELLAS ;4
841;FELLAS ;8
842;FENOMEN ;4
843;FERFRESH ;8
844;FERFRESH ;4
845;FERİDE ;2
846;FERMAN ;4
847;FERMENTE ;9
848;FERNODO ;7
849;FERRERO ;1
850;FERSAN ;8
851;FERSAN ;4
852;FESLEĞEN ;14
853;FINDIK ;8
854;FINDIK ;11
855;FINDIKLIM ;1
856;FINISH ;4
857;FINİSH ;4
858;FIORELLA ;1
859;FIORELLA ;4
860;FIRÇA ;4
861;FIRIN ;5
862;FISTIKLI ;20
863;FİCOMED ;4
864;FİDE ;8
865;FİFTEA ;3
866;FİLİZ ;8
867;FİLİZ ;4
868;FİNİSH ;5
869;FİNİSH ;4
870;FİORELLA ;4
871;FİORELLA ;1
872;FİOSELLA ;1
873;FİRST ;1
874;FİSKOBİRLİK ;8
875;FİSKOBİRLİK ;1
876;FİX ;4
877;FLEXİ ;7
878;FLOREX ;5
879;FLYİNG ;4
880;FOLYO ;4
881;FOLYO ;5
882;FONEX ;2
883;FONEX ;5
884;FORA ;5
885;FORA ;8
886;FORMİX ;4
887;FORNO ;1
888;FOSFORLU ;10
889;FRESH ;2
890;FRESH ;5
891;FRESH ;8
892;FRESHMAKER ;2
893;FRESHMAKER ;4
894;FRISKIES ;4
895;FRITOLAY ;1
896;FRİSKİES ;4
897;FRİTO ;1
898;FRUKA ;3
899;FRUKO ;4
900;FRUKO ;3
901;FUJIKA ;7
902;FUJİ ;2
903;FUJİKA ;4
904;FUJİKA ;7
905;FULL ;5
906;FULNET ;5
907;FULPAK ;5
908;FUSE ;3
909;FUTBOL ;4
910;GAGA ;18
911;GAGOZ ;3
912;GALAXY ;7
913;GALETA ;17
914;GALETE ;17
915;GANİMET ;1
916;GAUCHO ;4
917;GAZETE ;4
918;GAZİOĞLU ;17
919;GAZİOĞLU ;1
920;GECE ;4
921;GECE ;7
922;GEGELER ;4
923;GEORGE ;4
924;GEVREK ;4
925;GEZEN ;4
926;GEZEN ;8
927;GIRGIR ;16
928;GIZEH ;4
929;GİBBS ;2
930;GİLETTE ;4
931;GİLLETTE ;2
932;GİLLETTE ;4
933;GİORELLA ;4
934;GİZLİ ;5
935;GLADE ;2
936;GLADE ;4
937;GLADE ;5
938;GLAMOROUS ;4
939;GLANEX ;5
940;GLOVE ;4
941;GOFRET ;1
942;GOGLY ;8
943;GOL ;1
944;GOLD ;2
945;GOLDFRESH ;5
946;GOLF ;4
947;GOLFCOCO ;4
948;GOLT ;4
949;GONDOL ;21
950;GOODY ;18
951;GOURMENT ;4
952;GOURMET ;18
953;GOURMET ;8
954;GÖKÇE ;4
955;GÖNEN ;19
956;GÖRÜNMEZ ;10
957;GRAPPLE ;5
958;GREAT ;4
959;GUBİ ;21
960;GUMMY ;4
961;GUMMY ;15
962;GURME ;9
963;GÜLLAÇ ;17
964;GÜLOĞLU ;7
965;GÜLTAV ;8
966;GÜMÜŞ ;4
967;GÜNAYDIN ;8
968;GÜNEŞOĞLU ;9
969;GÜNEŞOĞLU ;6
970;GÜNEŞOĞLU ;4
971;GÜNLÜK ;6
972;GÜNLÜK ;9
973;GÜNSEVEN ;8
974;GÜNSEVEN ;4
975;GÜRALLAR ;21
976;GÜZEL ;10
977;GÜZELPINAR ;3
978;H.ŞAKİR ;5
979;HACI ;4
980;HACI ;5
981;HACIŞAKİR ;5
982;HACIŞAKİR ;4
983;HACİ ;4
984;HACİŞAKİR ;4
985;HAHNE ;1
986;HAİR ;2
987;HAKİ ;9
988;HAL ;15
989;HALI ;16
990;HALİME ;8
991;HALOJEN ;4
992;HAMARAT ;16
993;HAMBURGER ;8
994;HAMURDAN ;4
995;HAMURGER ;8
996;HANIMELLER ;4
997;HANUTA ;4
998;HAPPY ;2
999;HAPPYLLA ;17
1000;HARIBO ;1
1001;HARIBO ;4
1002;HARİBO ;1
1003;HARİBO ;4
1004;HARİKA ;4
1005;HARMAN ;1
1006;HAS ;7
1007;HAS ;5
1008;HAS ;4
1009;HAS ;6
1010;HAS ;9
1011;HAS ;22
1012;HAS-PET ;4
1013;HASTA ;5
1014;HASTAVUK ;6
1015;HASTAVUK ;4
1016;HAVANITOS ;4
1017;HAVANİTOS ;4
1018;HAVLU ;5
1019;HAVLU ;4
1020;HAYAL ;5
1021;HAYAT ;4
1022;HAYAT ;3
1023;HAYAT ;2
1024;HAYAT ;8
1025;HAZIR ;7
1026;HD ;4
1027;HEAD ;2
1028;HEAD ;4
1029;HEAD ;5
1030;HEAD& ;2
1031;HEAD&KLASİK ;2
1032;HEAD&SHOULDERS ;2
1033;HEDİLİ ;4
1034;HEINZ ;8
1035;HEINZ ;4
1036;HEİNZ ;4
1037;HEİNZ ;8
1038;HELVA ;8
1039;HENNA ;5
1040;HENNA ;2
1041;HERO ;8
1042;HERO ;1
1043;HERO ;4
1044;HIT ;18
1045;HİNDİSTAN ;4
1046;HİPP ;2
1047;HİSAR ;5
1048;HOBBY ;5
1049;HOBBY ;2
1050;HOBBY ;4
1051;HOBY ;2
1052;HONEY ;2
1053;HOROZ ;7
1054;HOŞLAR ;8
1055;HOT ;1
1056;HUGGIES ;5
1057;HUGGIES ;2
1058;HUGGİES ;2
1059;HUGVA ;8
1060;HURMA ;8
1061;HURMA ;1
1062;HURMA ;9
1063;HÜNERLİ ;16
1064;HÜNERLİ ;4
1065;HÜNKAR ;1
1066;HÜNNAP ;4
1067;HÜPTRİK ;1
1068;HYGİENİCS ;4
1069;HYPO ;5
1070;ILGAZ ;2
1071;ILGAZ ;4
1072;INDOMİE ;8
1073;INSTARK ;4
1074;IPANA ;5
1075;IREM ;8
1076;IRMAK ;8
1077;IRMAK ;4
1078;ISLAK ;2
1079;IŞIKLI ;7
1080;IŞIKLI ;15
1081;IZGARA ;4
1082;IZGARA ;7
1083;İÇİ ;4
1084;İÇİM ;3
1085;İÇİM ;8
1086;İÇİM ;4
1087;İÇİM ;9
1088;İÇİN ;8
1089;İÇLİ ;8
1090;İDEAL ;5
1091;İĞNE ;7
1092;İKBAL ;9
1093;İKBAL ;4
1094;İKBAL ;8
1095;İKRAM ;6
1096;İKRAM ;8
1097;İLKA ;5
1098;İMAJ ;2
1099;İMAMOĞLU ;9
1100;İMAMOĞU ;9
1101;İNCE ;5
1102;İNCİ ;8
1103;İNCİ ;12
1104;İNCİM ;4
1105;İNEBOLU ;4
1106;İNEGÖL ;8
1107;İNİŞDİBİ ;3
1108;İNŞAAT ;7
1109;İPANA ;2
1110;İPANA ;4
1111;İPEK ;4
1112;İPEK ;5
1113;İPEK ;2
1114;İPLİ ;5
1115;İPLİ ;4
1116;İRAN ;8
1117;İREM ;4
1118;İREM ;8
1119;İRMAK ;8
1120;İRMAK ;4
1121;İSHAKPAŞA ;1
1122;İSKENDEROĞLU ;9
1123;İSPİR ;19
1124;İSTANBUL ;4
1125;İŞKEMBE ;4
1126;İTALYANO ;2
1127;İTALYANO ;4
1128;İYİ ;5
1129;İZMİR ;6
1130;JACOBS ;1
1131;JACOBS ;4
1132;JACOBS ;8
1133;JACOPS ;4
1134;JAGLER ;2
1135;JAGLER ;4
1136;JAPON ;10
1137;JELİBO ;1
1138;JELİBON ;1
1139;JINI ;5
1140;JİX ;5
1141;JOHNSON ;2
1142;JOHNSON'S ;4
1143;JOHNSONS ;2
1144;JOHNSONS ;4
1145;JOHNSONS ;5
1146;JOLJ ;5
1147;JOY ;15
1148;JUNGLE ;18
1149;JUNİOR ;7
1150;JUSS ;3
1151;KABAK ;11
1152;KABUKLU ;11
1153;KADAYIF ;8
1154;KADAYIFCIZADE ;4
1155;KAFKAS ;8
1156;KAĞIT ;5
1157;KAĞUÇUK ;4
1158;KAHVALTI ;9
1159;KAHVE ;4
1160;KAHVE ;8
1161;KAHVE ;21
1162;KAHVECİOĞLU ;1
1163;KAHVEDÜNYASI ;1
1164;KAJU ;11
1165;KALEM ;4
1166;KALEM ;10
1167;KALIN ;7
1168;KALIN ;5
1169;KALIN ;8
1170;KAMELYA ;8
1171;KAN ;11
1172;KANDİL ;17
1173;KANTUCİNİ ;1
1174;KANZAK ;2
1175;KANZUK ;2
1176;KANZUK ;4
1177;KAPAKSIZ ;4
1178;KAPSÜLLÜ ;15
1179;KAPTAN ;16
1180;KAPUSKA ;14
1181;KARA ;4
1182;KARADENİZ ;8
1183;KARALAHANA ;14
1184;KARALİ ;8
1185;KARAOKE ;15
1186;KARCI ;11
1187;KARDEŞLER ;8
1188;KARE ;4
1189;KARELİ ;10
1190;KAREMEL ;1
1191;KARIŞIK ;11
1192;KARPAK ;7
1193;KARPER ;9
1194;KARSAN ;5
1195;KARTON ;16
1196;KARTON ;5
1197;KARTON ;4
1198;KARTOPU ;2
1199;KASAİ ;7
1200;KASTAMONU ;8
1201;KAŞAR ;9
1202;KATMER ;17
1203;KAV ;7
1204;KAVAKLIDERE ;8
1205;KAVAKLIDERE ;4
1206;KAVANOZ ;21
1207;KAY ;3
1208;KAYA ;8
1209;KAYIT ;1
1210;KAYIT ;5
1211;KAZANDİBİ ;20
1212;KEBİR ;4
1213;KEBİR ;8
1214;KEÇELİ ;10
1215;KEÇELİ ;4
1216;KEDİ ;4
1217;KEDİ ;18
1218;KEF ;8
1219;KEFİR ;4
1220;KEFİRİX ;3
1221;KEFİRLİ ;8
1222;KEK ;21
1223;KELLOG'S ;4
1224;KELLOGG'S ;4
1225;KELLOGG'S ;1
1226;KEMAL ;8
1227;KEMALPAŞA ;8
1228;KENT ;1
1229;KENT ;4
1230;KENT ;8
1231;KEPİRTEPE ;4
1232;KEPİRTEPE ;3
1233;KERAMİKA ;4
1234;KERAMİKA ;7
1235;KERVAN ;8
1236;KERVAN ;9
1237;KERVAN ;6
1238;KERVAN ;4
1239;KESİ ;18
1240;KESKİNOĞLU ;8
1241;KESKİNOĞLU ;22
1242;KESKİNOĞLU ;9
1243;KESTANE ;8
1244;KESTAT ;8
1245;KEYİF ;13
1246;KEYİFÇE ;4
1247;KIDS ;5
1248;KIL ;14
1249;KIMMY ;4
1250;KINALI ;6
1251;KINALIKAR ;1
1252;KINDER ;1
1253;KING ;7
1254;KINIK ;3
1255;KIRIK ;19
1256;KIRKAGAÇ ;1
1257;KIRLANGIC ;4
1258;KIRLANGIÇ ;8
1259;KIRMIZI ;14
1260;KIRMIZI ;19
1261;KIRMIZI ;4
1262;KISIRLIK ;19
1263;KIVILCIM ;8
1264;KIZARTMA ;8
1265;KIZARTMALIK ;8
1266;KIZILAY ;4
1267;KIZILAY ;3
1268;KIZILCIK ;3
1269;KIZKAÇIRAN ;15
1270;KİLİTLİ ;5
1271;KİNDER ;1
1272;KİNDER ;4
1273;KİNG ;4
1274;KİNG ;18
1275;KİRSAV ;5
1276;KİSARNA ;3
1277;KİTKAT ;1
1278;KİTTİYSAND ;18
1279;KKK ;21
1280;KNITEX ;4
1281;KNİTEX ;10
1282;KNOR ;4
1283;KNOR ;8
1284;KNORR ;8
1285;KNORR ;4
1286;KOLEJ ;4
1287;KOLEJ ;10
1288;KOLESTON ;2
1289;KOLESTON ;4
1290;KOLİ ;7
1291;KOLİ ;4
1292;KOLİ ;8
1293;KOLOT ;8
1294;KOMİL ;5
1295;KOMİLİ ;2
1296;KOMİLİ ;8
1297;KOMİLİ ;5
1298;KOMİLİ ;4
1299;KOMŞU ;5
1300;KONSERVE ;7
1301;KONSERVE ;4
1302;KONTES ;4
1303;KOOP ;8
1304;KOOP ;4
1305;KOROPLAST ;5
1306;KOROPLAST ;4
1307;KORUMA ;5
1308;KORUR ;4
1309;KOSKA ;8
1310;KOSKA ;1
1311;KOSKA ;4
1312;KOSLA ;4
1313;KOSLA ;5
1314;KOSOVA ;4
1315;KOTEX ;2
1316;KÖFTE ;8
1317;KÖMUR ;4
1318;KÖPEK ;4
1319;KÖPEK ;18
1320;KÖY ;14
1321;KÖY ;8
1322;KÖYLÜM ;9
1323;KÖYLÜM ;17
1324;KÖYÜM ;8
1325;KRAL ;4
1326;KREM ;8
1327;KREMALI ;1
1328;KRISTAL ;8
1329;KRİSPİ ;1
1330;KRİSPİ ;4
1331;KRİSTAL ;18
1332;KRİSTAL ;8
1333;KRİSTAL ;4
1334;KRİSTAL ;19
1335;KROKANO ;1
1336;KRŞ ;15
1337;KUDÜS ;11
1338;KULAK ;2
1339;KUMBARA ;4
1340;KUMSU ;3
1341;KURABİYE ;20
1342;KURŞUN ;10
1343;KURU ;12
1344;KURU ;8
1345;KURU ;19
1346;KURU ;11
1347;KURU ;14
1348;KUŞ ;6
1349;KUŞ ;11
1350;KUŞ ;12
1351;KUYMAK ;9
1352;KUZEYCE ;8
1353;KÜCÜK ;4
1354;KÜÇÜK ;5
1355;KÜHNE ;8
1356;KÜP ;8
1357;KÜRDAN ;7
1358;LAKELAND ;2
1359;LALE ;16
1360;LALİ ;4
1361;LAV ;21
1362;LAV ;4
1363;LAVABO ;16
1364;LAVALİA ;4
1365;LAVALİA ;17
1366;LAVAŞ ;17
1367;LAVİN ;4
1368;LAVİVA ;4
1369;LAYLAY ;1
1370;LAYS ;1
1371;LAYS ;2
1372;LAYS ;4
1373;LAZER ;15
1374;LE ;4
1375;LED ;7
1376;LEDON ;7
1377;LERA ;13
1378;LET'S ;15
1379;LEZİTA ;22
1380;LEZZETÇİ ;8
1381;LEZZETÇİ ;4
1382;LEZZETLİM ;9
1383;LIPTON ;8
1384;LISTERINE ;2
1385;LISTERİN ;2
1386;LISTERİNE ;2
1387;LİDER ;16
1388;LİFE ;2
1389;LİKE ;4
1390;LİMON ;14
1391;LİNDO ;18
1392;LİNDOCAT ;18
1393;LİNK ;3
1394;LİNKAGE ;4
1395;LİON ;7
1396;LİPTON ;8
1397;LİPTON ;4
1398;LİPTON ;3
1399;LİSTERİNE ;2
1400;LM ;4
1401;LOKUM ;1
1402;LOKUM ;11
1403;LOL ;4
1404;LOL ;1
1405;LOLİ ;4
1406;LOLLİBONİ ;1
1407;LONG ;18
1408;LOREAL ;2
1409;LOREAL ;4
1410;LUNA ;8
1411;LUNGO ;4
1412;LUPPO ;1
1413;LUX ;11
1414;LUX ;2
1415;LUX ;19
1416;LUX ;5
1417;LÜX ;5
1418;M-12 ;15
1419;MABEL ;1
1420;MADİ ;16
1421;MAESTRO ;1
1422;MAGİC ;4
1423;MAGNUM ;13
1424;MAGNUM ;4
1425;MAHİR ;8
1426;MAKAS ;10
1427;MAKİNA ;7
1428;MAMA ;8
1429;MANDAL ;16
1430;MANGAL ;9
1431;MANTAR ;14
1432;MANU ;1
1433;MANU ;8
1434;MANU ;4
1435;MARAŞ ;13
1436;MARC ;5
1437;MARC ;4
1438;MARET ;9
1439;MARMARA ;8
1440;MARMARA ;4
1441;MARMARABİRLİK ;9
1442;MARMARABİRLİK ;8
1443;MARMARABİRLİK ;4
1444;MARMOTİNİ ;8
1445;MARMOYİNİ ;4
1446;MARS ;1
1447;MASA ;4
1448;MASKE ;4
1449;MAVİ ;2
1450;MAVİ ;5
1451;MAVİ ;1
1452;MAVİLİM ;18
1453;MAVİYEŞİL ;18
1454;MAX ;2
1455;MAX ;7
1456;MAXİ ;7
1457;MAXİS ;7
1458;MAYLO ;4
1459;MAYLO ;5
1460;MEDİLİVE ;4
1461;MEHMET ;8
1462;MEHMET ;4
1463;MELIS ;8
1464;MELİS ;8
1465;MELİS ;4
1466;MELODİ ;1
1467;MENEKŞE ;6
1468;MENTOS ;4
1469;MENTOS ;1
1470;MERBA ;4
1471;MERCAN ;4
1472;MERDANELİ ;15
1473;MEŞE ;7
1474;MEŞE ;4
1475;MEŞİN ;15
1476;METAL ;15
1477;METAL ;4
1478;METAN ;5
1479;METRE ;1
1480;METRO ;16
1481;METRO ;1
1482;MEYÖZ ;3
1483;MEYSU ;3
1484;MEYSU ;4
1485;MEYVE ;21
1486;MIKRO ;10
1487;MISIR ;19
1488;MISIR ;8
1489;MISIR ;4
1490;MISIRLI ;1
1491;MİCRO ;5
1492;MİDYE ;4
1493;MİGLİOR ;18
1494;MİGRO ;10
1495;MİKRO ;10
1496;MİKRO ;4
1497;MİKRO ;5
1498;MİKROFİBER ;5
1499;MİLANO ;4
1500;MİLANO ;7
1501;MİLAS ;1
1502;MİLKA ;1
1503;MİLUPA ;8
1504;MİNİ ;4
1505;MİNİ ;15
1506;MİNİ ;2
1507;MİNİ ;1
1508;MİNİ ;5
1509;MİNİMİX ;1
1510;MİNORE ;4
1511;MİRY ;7
1512;MİS ;5
1513;MİSBON ;4
1514;MİSKOS ;1
1515;MİSNET ;7
1516;MİSS ;9
1517;MİSSBON ;1
1518;MİTO ;18
1519;MİTO-TRENDLİNE ;4
1520;MİVİTİES ;1
1521;MİX ;1
1522;MİXMEY ;8
1523;MODAMET ;7
1524;MOLFİX ;5
1525;MOLFİX ;2
1526;MOLFİX ;4
1527;MOLFİX ;8
1528;MOLFİZ ;5
1529;MOLPED ;4
1530;MOLPED ;2
1531;MOLPET ;4
1532;MONDELEZ ;1
1533;MONSTER ;3
1534;MONTE ;4
1535;MOPTEMA ;16
1536;MOTEK ;4
1537;MOTEK ;5
1538;MR ;5
1539;MR ;4
1540;MR. ;5
1541;MR. ;4
1542;MR.GREEN ;4
1543;MR.MUSCLE ;5
1544;MR.TOY ;15
1545;MR.WİPES ;4
1546;MUM ;7
1547;MUNZUR ;4
1548;MURAT ;2
1549;MURAT ;4
1550;MURATBEY ;9
1551;MURATBEY ;6
1552;MUTFAK ;5
1553;MUTFAK ;7
1554;MUTLU ;8
1555;MUTLU ;4
1556;MUZ ;14
1557;MÜJDE ;7
1558;MÜZİK ;10
1559;NAHİTA ;8
1560;NAMET ;4
1561;NAMET ;9
1562;NANE ;14
1563;NAR ;8
1564;NARCA ;9
1565;NARCA ;4
1566;NARCISO ;4
1567;NARCİSO ;4
1568;NARİN ;5
1569;NAR`CA ;9
1570;NAS ;4
1571;NATARAJ ;10
1572;NATUREL ;8
1573;NAZAR ;5
1574;NAZAR ;4
1575;NAZBON ;1
1576;NAZO ;8
1577;NEEDLES ;7
1578;NEESTLE ;8
1579;NEFİS ;22
1580;NEFİSS ;22
1581;NEFİSSAL ;8
1582;NEFİSSAL ;4
1583;NELLO ;1
1584;NEMAT ;4
1585;NEMLİ ;4
1586;NEROX ;7
1587;NEROX ;10
1588;NESCAFE ;8
1589;NESCAFE ;1
1590;NESCAFE ;4
1591;NESCAFE ;3
1592;NESCAFE+COFFEEE ;8
1593;NESFİT ;1
1594;NESGUİK ;3
1595;NESGUİK ;1
1596;NESQUİK ;3
1597;NESQUİK ;1
1598;NESTLE ;4
1599;NESTLE ;1
1600;NESTLE ;8
1601;NESTLE ;3
1602;NEVA ;2
1603;NEVACOLOR ;2
1604;NEVECOLAR ;2
1605;NEVZAT ;8
1606;NEW ;2
1607;NIVEA ;4
1608;NIVEA ;2
1609;NIVEACDOUBLE ;4
1610;NİĞDE ;3
1611;NİLEM ;5
1612;NİLEM ;4
1613;NİLOYA ;15
1614;NİŞASTA ;19
1615;NİTRO ;3
1616;NİVEA ;4
1617;NİVEA ;5
1618;NİVEA ;2
1619;NİX ;5
1620;NO ;1
1621;NOĞA ;8
1622;NOODLE ;8
1623;NOT ;10
1624;NOVA ;5
1625;NOVACOLOR ;2
1626;NOVE ;10
1627;NOWAR ;7
1628;NST ;4
1629;NUDO ;4
1630;NUDO ;8
1631;NUGA ;1
1632;NUH ;8
1633;NUHUN ;8
1634;NUR ;9
1635;NUSSP ;4
1636;NUSSPA ;4
1637;NUSSPO ;4
1638;NUTELLA ;1
1639;NUTELLA ;4
1640;NUTRİ ;4
1641;NUTRİCOFFEE ;4
1642;NUTRİPLUS ;4
1643;NUTYMAX ;1
1644;NUTZZ ;4
1645;NÜANS ;5
1646;O ;4
1647;O.K. ;2
1648;OBA ;4
1649;OBA ;8
1650;OBAÇAY ;8
1651;OCAK ;7
1652;OCAK ;4
1653;OCB ;4
1654;ODUN ;17
1655;OFÇAY ;8
1656;OFF! ;2
1657;OKYANUS ;4
1658;OLCA ;8
1659;OLGUN ;7
1660;OLİPS ;1
1661;OMO ;5
1662;OMO ;4
1663;ONA ;8
1664;ONAS ;7
1665;ONI ;4
1666;ONKA ;11
1667;ONLY ;5
1668;ONTON ;4
1669;ONUR ;8
1670;OR-AL ;7
1671;ORAL ;9
1672;ORAL-B ;5
1673;ORAL-B ;2
1674;ORGANİK ;6
1675;ORGANİK ;19
1676;ORGİNAL ;4
1677;ORİ ;1
1678;ORİANA ;7
1679;ORİGAMİ ;5
1680;ORİGİNAL ;4
1681;ORİJİNAL ;1
1682;ORKİD ;2
1683;ORKİD ;4
1684;ORKİDE ;8
1685;ORKİDE ;16
1686;ORLANA ;7
1687;ORUÇLUOĞLU ;8
1688;OSKAR ;1
1689;OSMANCIK ;19
1690;OSMANLI ;9
1691;OSMANLI ;7
1692;OSMANLI ;1
1693;OSRAM ;7
1694;OSRAM ;4
1695;OTACI ;5
1696;OTACI ;2
1697;OTO ;7
1698;OTO ;16
1699;OTO ;4
1700;OVAL ;4
1701;OVALAMA ;4
1702;OVMA ;5
1703;OYE ;4
1704;OYLUM ;1
1705;OYUN ;15
1706;OYUNCAK ;15
1707;OYUNCAK ;4
1708;OZİBON ;1
1709;OZMO ;1
1710;ÖNAL ;9
1711;ÖNCÜ ;8
1712;ÖNCÜLER ;4
1713;ÖNCÜLER ;8
1714;ÖNCÜLLER ;8
1715;ÖZCAN ;5
1716;ÖZCAN ;1
1717;ÖZDEN ;21
1718;ÖZEN ;8
1719;ÖZGE ;3
1720;ÖZGÜLLLÜ ;9
1721;ÖZGÜLLÜ ;9
1722;ÖZGÜLLÜ ;6
1723;ÖZKALELİ ;4
1724;ÖZKARDEŞLER ;8
1725;ÖZKAYNAK ;3
1726;ÖZKAYNAK ;4
1727;ÖZLEM ;9
1728;ÖZMEŞE ;17
1729;ÖZNİL ;2
1730;ÖZPAK ;5
1731;ÖZPOLEN ;16
1732;ÖZYURT ;7
1733;ÖZYURT ;4
1734;P.BAHÇE ;4
1735;PAÇİ ;21
1736;PAÇİ ;4
1737;PAK ;5
1738;PAK ;8
1739;PAKKÖY ;8
1740;PAKMAYA ;9
1741;PAKMAYA ;8
1742;PAKMAYA ;4
1743;PALMOLIVE ;4
1744;PALMOLIVE ;5
1745;PALMOLIVE ;2
1746;PALMOLİVE ;5
1747;PALMOLİVE ;4
1748;PALMOLİVE ;2
1749;PALMOVİVE ;5
1750;PAMUK ;2
1751;PAMUK ;1
1752;PAN-U2 ;10
1753;PANASONİC ;7
1754;PANTEN ;2
1755;PANTENA ;4
1756;PANTENE ;2
1757;PANTENE ;4
1758;PAPIA ;4
1759;PAPİA ;5
1760;PAPİA ;4
1761;PAPİLİON ;2
1762;PAPİLİON ;4
1763;PAPİTA ;1
1764;PARA ;4
1765;PARADONTAX ;4
1766;PARADONTAX ;5
1767;PAREX ;5
1768;PAREX ;16
1769;PAREX ;4
1770;PARLATICI ;7
1771;PARODONTAX ;2
1772;PARODONTAX ;4
1773;PASLANMAZ ;21
1774;PASPAS ;16
1775;PASTA ;4
1776;PASTACIOĞLU ;17
1777;PASTANEM ;4
1778;PASTAVILLA ;8
1779;PASTAVİLLA ;4
1780;PASTAVİLLA ;8
1781;PASTEL ;10
1782;PAŞABAHÇE ;21
1783;PAŞABAHÇE ;4
1784;PAŞABEHÇE ;21
1785;PATİ ;18
1786;PATLAYAN ;7
1787;PATLAYAN ;1
1788;PAWPAW ;4
1789;PAYMAN ;4
1790;PAZI ;14
1791;PEANUT ;1
1792;PEDİGREE ;18
1793;PEGA ;7
1794;PEKŞEKER ;8
1795;PENGUEN ;8
1796;PENSAN ;10
1797;PEPE ;1
1798;PEPİ ;3
1799;PEPSİ ;4
1800;PEPSİ ;3
1801;PERFECTO ;1
1802;PERMATİK ;2
1803;PERMATİK ;7
1804;PERMATİK ;5
1805;PERNIGOTTI ;13
1806;PERNIGOTTI ;4
1807;PERNIGOTTI ;1
1808;PERNIGOTTİ ;4
1809;PERNIGOTTİ ;13
1810;PERNİGOTTİ ;1
1811;PERNİGOTTİ ;4
1812;PERNİGOTTİ ;13
1813;PEROS ;4
1814;PEROS ;5
1815;PERSİL ;5
1816;PERSİL ;4
1817;PERSPEKTİF ;2
1818;PERWOLL ;5
1819;PETEMEK ;14
1820;PETİTO ;1
1821;PEYMAN ;4
1822;PEYMAN ;8
1823;PEZ ;1
1824;PFANNER ;3
1825;PFANNER ;4
1826;PHILIN ;4
1827;PHILIPS ;7
1828;PHILLIPS ;7
1829;PHILPS ;7
1830;PHİLİPS ;7
1831;PINAR ;8
1832;PINAR ;9
1833;PINAR ;4
1834;PINAR ;3
1835;PINAR ;6
1836;PINAR ;22
1837;PINAR ;1
1838;PİETRA ;16
1839;PİETRO ;4
1840;PİKNİK ;7
1841;PİLAVLIK ;19
1842;PİLOT ;10
1843;PİPET ;16
1844;PİSİ ;18
1845;PİSY ;18
1846;PİŞMANİYE ;1
1847;PİYALE ;8
1848;PLAİSİR ;18
1849;PLAİSİR ;8
1850;PLANET ;5
1851;PLASTİK ;15
1852;PLASTİK ;16
1853;PLAY ;15
1854;PLAY ;4
1855;PLAY-TOYS ;15
1856;PLAYBOY ;2
1857;PO ;5
1858;POLERO ;15
1859;POLİ ;3
1860;POLMİX ;4
1861;POLMİX ;5
1862;POLO ;4
1863;POLO ;1
1864;POMİKS ;2
1865;POMPİTO ;1
1866;PONPİTO ;1
1867;POP ;1
1868;POPİLİON ;2
1869;POPİLİON ;5
1870;POPİLON ;2
1871;POR ;4
1872;POR-ÇÖZ ;5
1873;PORÇÖZ ;4
1874;PORÇÖZ ;5
1875;POWERADE ;3
1876;POWERADE ;4
1877;PRACTİCAL ;16
1878;PRATİK ;7
1879;PRATİK ;4
1880;PRATİKON ;16
1881;PRATİKON ;4
1882;PRESİDENT ;4
1883;PRESTİJ ;4
1884;PRIVACY ;2
1885;PRİL ;5
1886;PRİL ;4
1887;PRİMA ;4
1888;PRİMA ;5
1889;PRİMA ;2
1890;PRİMAT ;7
1891;PRİNGLES ;1
1892;PRO-5 ;5
1893;PROCHOİCE ;18
1894;PROFF ;5
1895;PROFF ;4
1896;PROLAMP ;7
1897;PRONTO ;5
1898;PROTEİN ;1
1899;PROTEX ;4
1900;PROTEX ;5
1901;PUFFY ;1
1902;PUL ;12
1903;PUNTA ;4
1904;PÜRMÜZLÜ ;7
1905;QUELLA ;21
1906;RAINBOW ;4
1907;RAİD ;7
1908;RAİD ;4
1909;RAİD ;18
1910;RAMA ;4
1911;RAMAZAN ;8
1912;RAMAZAN ;17
1913;RAWSOME ;4
1914;REBUL ;4
1915;REBUL ;7
1916;REÇEL ;8
1917;RED ;10
1918;RED ;3
1919;RED ;4
1920;REDBULL ;3
1921;REDBULL ;8
1922;REFLEKS ;18
1923;REFLEKS ;4
1924;REFLEX ;18
1925;REİNA ;4
1926;REİS ;19
1927;REİS ;4
1928;REJOİCE ;2
1929;RENDE ;21
1930;RENKLİ ;16
1931;RENKLY ;4
1932;RENO ;18
1933;RESİM ;10
1934;REXONA ;4
1935;REXONA ;2
1936;RIFAT ;3
1937;RIFAT ;8
1938;RİNDO ;16
1939;RİNSO ;5
1940;RİNSO ;4
1941;RİTMO ;4
1942;RİTMO ;5
1943;RİVOLLİ ;5
1944;RİZE ;6
1945;RİZE ;9
1946;ROC ;4
1947;ROCAT ;4
1948;ROCCO ;1
1949;ROCCO ;4
1950;ROCKS ;4
1951;ROKO ;4
1952;ROKUS ;18
1953;ROLL-UP ;5
1954;ROSENSE ;2
1955;ROXY ;5
1956;ROYAL ;4
1957;RUBENIS ;10
1958;RUFFLES ;1
1959;RUFFLES ;4
1960;RUFFLES&DORİTOS ;8
1961;RUKUS ;18
1962;RULO ;20
1963;RULO ;1
1964;RÜYA ;4
1965;S ;4
1966;SAÇ ;2
1967;SADE ;8
1968;SAFFET ;8
1969;SAFİR ;8
1970;SAFKAR ;14
1971;SAKA ;15
1972;SAKA ;3
1973;SAKAL ;2
1974;SAKARYA ;8
1975;SALAT ;8
1976;SALON ;5
1977;SALON ;4
1978;SALOON ;4
1979;SALOON ;5
1980;SALVADOR ;4
1981;SAN ;16
1982;SAN ;4
1983;SAN-A ;2
1984;SANA ;8
1985;SANA ;2
1986;SANDGOO ;15
1987;SANLİ ;22
1988;SANTAVİK ;2
1989;SAOL ;3
1990;SAPLI ;7
1991;SARAY ;1
1992;SARAYLI ;4
1993;SARELLE ;1
1994;SARI ;11
1995;SARIGÜZEL ;4
1996;SARIGÜZEL ;9
1997;SARIYER ;1
1998;SARIYER ;3
1999;SAVOIARDI ;4
2000;SAYGIN ;4
2001;SCHNITZEL ;22
2002;SCHNİTZEL ;22
2003;SCHOGETTEN ;1
2004;SCHOTCH-BRITE ;5
2005;SCHWEPPES ;3
2006;SCOTCH ;5
2007;SCOTCH-BRİTE ;5
2008;SCOTH ;5
2009;SECTER ;2
2010;SEÇ ;5
2011;SEÇKİN ;17
2012;SEFİRA ;8
2013;SEK ;3
2014;SEK ;8
2015;SEK ;9
2016;SELİMOĞLU ;8
2017;SELİN ;8
2018;SELİN ;2
2019;SELİN ;4
2020;SELKO ;7
2021;SELKO ;10
2022;SELKO ;4
2023;SELPAK ;4
2024;SELPAK ;5
2025;SEMİZ ;14
2026;SENSATIONAL ;4
2027;SENSİTİVE ;2
2028;SENSO ;4
2029;SENSODYN ;4
2030;SENSODYNE ;2
2031;SENSODYNE ;4
2032;SERA ;5
2033;SERBEST ;4
2034;SERVİS ;5
2035;SESU ;2
2036;SEVEN ;8
2037;SEVİNÇ ;18
2038;SEYIDOGLU ;8
2039;SEYİDOGLU ;4
2040;SEYİDOGLU ;1
2041;SEYİDOGLU ;8
2042;SEYİDOĞLU ;8
2043;SEYİDOĞLU ;4
2044;SEYİDOĞLU ;1
2045;SEYİDOĞLU ;9
2046;SEYİTOGLU ;4
2047;SEYİTOĞLU ;8
2048;SEYLAN ;19
2049;SEYSU ;8
2050;SEYYİDLER ;4
2051;SF ;4
2052;SHEMSOO ;4
2053;SHOOTERS ;4
2054;SIGNORA ;4
2055;SIR ;5
2056;SIR ;4
2057;SIRMA ;8
2058;SIRMA ;3
2059;SIRMA ;4
2060;SİGNAL ;4
2061;SİGNAL ;2
2062;SİGNAL ;5
2063;SİLAH ;15
2064;SİLGİ ;10
2065;SİMİT ;17
2066;SİNANGİL ;8
2067;SİNANGİL ;4
2068;SİNBO ;4
2069;SİNBO ;21
2070;SİNGAL ;5
2071;SİNGAL ;2
2072;SİNKA ;4
2073;SİP ;10
2074;SİR ;2
2075;SİRKE ;8
2076;SİTİL ;7
2077;SİTİL ;5
2078;SİVAS ;17
2079;SİVRİ ;14
2080;SİYAH ;9
2081;SİYAH ;14
2082;SİYAH ;11
2083;SKIPPING ;15
2084;SLAZENGER ;2
2085;SLEEPY ;4
2086;SLEEPY ;5
2087;SLEEPY ;2
2088;SLEPPY ;2
2089;SLIME ;4
2090;SLIPER ;15
2091;SLİME ;15
2092;SMART ;7
2093;SMOKING ;4
2094;SNICKERS ;1
2095;SNICKERS ;4
2096;SO ;13
2097;SODA ;5
2098;SOFİA ;5
2099;SOFRAM ;21
2100;SOFT ;21
2101;SOFTLY ;7
2102;SOFTTEX ;5
2103;SOFTY ;4
2104;SOĞAN ;14
2105;SOĞUK ;3
2106;SOHİTTO ;3
2107;SOLO ;5
2108;SOLO ;4
2109;SOLO ;15
2110;SONY ;7
2111;SOSLU ;11
2112;SOSYETE ;1
2113;SOYACAK ;21
2114;SÖKE ;4
2115;SÖKE ;8
2116;SÖLEN ;1
2117;SPARK ;4
2118;SPARK ;5
2119;SPECİEL ;1
2120;SPRİTE ;3
2121;SPRİTE ;8
2122;STAR ;1
2123;START ;4
2124;STEP ;4
2125;STEPY ;5
2126;STEPY ;4
2127;STERA ;4
2128;STERAPLUS ;4
2129;STİLL ;5
2130;STİLLO ;21
2131;STİLLO ;4
2132;STONE ;5
2133;STREC ;5
2134;STRES ;7
2135;STRONG ;5
2136;SU ;15
2137;SU ;21
2138;SU ;4
2139;SUBARU ;5
2140;SUBZERO ;4
2141;SUFERFRESH ;4
2142;SULTAN ;8
2143;SULTAN ;4
2144;SULU ;10
2145;SUN ;8
2146;SUNNY ;3
2147;SUPEFRESH ;22
2148;SUPER ;5
2149;SUPER ;4
2150;SUPERFRESH ;22
2151;SUPERFRESH ;4
2152;SUPERFRESH ;8
2153;SUSAM ;1
2154;SUSAMLI ;1
2155;SUTAŞ ;4
2156;SÜNGER ;7
2157;SÜPERFRESH ;4
2158;SÜPRİZ ;4
2159;SÜPÜRGE ;5
2160;SÜRPRİZ ;15
2161;SÜTAŞ ;4
2162;SÜTAŞ ;3
2163;SÜTAŞ ;9
2164;SÜTAŞ ;8
2165;SÜTAŞ ;1
2166;SÜTAŞ ;6
2167;SWEET ;18
2168;SWEET ;4
2169;SYROX ;7
2170;SYROX ;4
2171;ŞAHİN ;8
2172;ŞAHİN ;9
2173;ŞAHİNCİOĞLU ;8
2174;ŞAHİNOĞLU ;4
2175;ŞAHİNOĞLU ;8
2176;ŞAM ;1
2177;ŞAMDAN ;5
2178;ŞARJLI ;5
2179;ŞARKÖY ;8
2180;ŞAZELİ ;1
2181;ŞEFTALİ ;8
2182;ŞEKER ;1
2183;ŞEKERLİ ;1
2184;ŞEKERLİ ;8
2185;ŞEKERPARE ;8
2186;ŞELALE ;1
2187;ŞEMSİYE ;4
2188;ŞENPİLİÇ ;8
2189;ŞENPİLİÇ ;9
2190;ŞERİFE ;4
2191;ŞERİFE ;8
2192;ŞİŞ ;7
2193;ŞİTOGLU ;4
2194;ŞİTOĞLU ;8
2195;ŞÖLEN ;1
2196;T.KAĞIDI ;5
2197;TABAK ;5
2198;TABANCA ;15
2199;TADELLE ;1
2200;TADELLE ;13
2201;TADELLE ;4
2202;TADIM ;11
2203;TADIM ;4
2204;TADIM ;1
2205;TADIN ;4
2206;TADİM ;4
2207;TAFT ;4
2208;TAFT ;2
2209;TAHA ;7
2210;TAHİNLİ ;1
2211;TAHSİLDAROĞLU ;6
2212;TAHTA ;10
2213;TAHTA ;5
2214;TAKIŞOGLU ;9
2215;TAKIŞOĞLU ;9
2216;TAM ;17
2217;TAM ;6
2218;TAM ;9
2219;TAMEK ;8
2220;TAMEK ;3
2221;TAMEK ;4
2222;TAMER ;3
2223;TANDIR ;4
2224;TARAFTAR ;5
2225;TARAFTAR ;10
2226;TARAK ;7
2227;TARAKLI ;9
2228;TARİŞ ;5
2229;TARİŞ ;4
2230;TARİŞ ;8
2231;TASARRUF ;7
2232;TASOLU ;15
2233;TAT ;8
2234;TAT ;4
2235;TAT ;1
2236;TATBİYE ;4
2237;TATKRAK ;1
2238;TATLI ;21
2239;TATSAN ;8
2240;TATTOO ;2
2241;TAYF ;1
2242;TAYLORS ;8
2243;TAZE ;14
2244;TAZE ;11
2245;TAZE ;17
2246;TAZE ;6
2247;TAZE ;4
2248;TCHIBO ;4
2249;TCHİBO ;4
2250;TCHİBO ;8
2251;TEDİ ;3
2252;TEKEL ;4
2253;TEKFEN ;7
2254;TEKMAR ;8
2255;TEKSÜT ;6
2256;TEKSÜT ;9
2257;TELEVOLE ;18
2258;TELLİ ;6
2259;TELLİ ;10
2260;TELLİ ;9
2261;TEMEL ;8
2262;TEMIZLEME ;5
2263;TEMIZLIK ;5
2264;TEMİS ;5
2265;TEMİZEL ;5
2266;TEMİZLİK ;5
2267;TEMSAN ;4
2268;TEMSAN ;5
2269;TENEKE ;15
2270;TENG-TANG ;8
2271;TENO ;5
2272;TENO ;4
2273;TENSIL ;5
2274;TEO ;18
2275;TEONA ;4
2276;TERAS ;1
2277;TERE ;14
2278;TEREM ;8
2279;TEREYAĞ ;6
2280;TESA ;5
2281;TEST ;5
2282;TETIK ;5
2283;TETİK ;5
2284;TEX ;5
2285;TEX ;4
2286;TEX ;2
2287;TEZCAN ;7
2288;TEZE ;14
2289;TGB ;4
2290;TGB ;10
2291;THEROS ;4
2292;THİBO ;4
2293;THİS ;4
2294;TIME ;1
2295;TIRAN ;7
2296;TIRAŞ ;5
2297;TIRNAK ;5
2298;TIRNAK ;2
2299;TIRNAK ;4
2300;TIRNAKMAKASI ;5
2301;TITIZ ;5
2302;TİBTRAB ;18
2303;TİKVEŞLİ ;8
2304;TİLLO ;5
2305;TİMEX ;5
2306;TİNY ;15
2307;TİPİTİP ;1
2308;TİTİZ ;5
2309;TİTİZ ;16
2310;TİTİZ ;4
2311;TİVİST ;1
2312;TM ;4
2313;TOBLERONE ;1
2314;TOBLERONE ;4
2315;TODAY ;1
2316;TOFFİFEE ;1
2317;TOFİTA ;1
2318;TOILET ;5
2319;TOKAİ ;5
2320;TOKAİ ;7
2321;TOKAİ ;4
2322;TOKAT ;4
2323;TOMBUL ;19
2324;TOMİ ;18
2325;TONKİNOS ;8
2326;TOOTHPICK ;2
2327;TOP ;4
2328;TOP ;5
2329;TOPİK ;11
2330;TOPİTOP ;1
2331;TOPLU ;7
2332;TORKU ;8
2333;TORKU ;1
2334;TORKU ;19
2335;TORKU ;4
2336;TORKU ;9
2337;TORKU ;2
2338;TORKU ;3
2339;TORKUTAM ;8
2340;TOROS ;4
2341;TORUN ;8
2342;TOSTLUK ;6
2343;TOTO ;4
2344;TOTO ;1
2345;TOYBON ;1
2346;TOYBOX ;1
2347;TOYBOX ;4
2348;TOYBOX ;15
2349;TOYS ;15
2350;TOYSET ;4
2351;TOZ ;12
2352;TÖRKOVA ;9
2353;TRABZON ;6
2354;TRABZON ;17
2355;TRAKYA ;8
2356;TRAKYA ;6
2357;TRENDLINE ;18
2358;TRENDLINE ;4
2359;TRENDLİNE ;18
2360;TRIX ;10
2361;TRİX ;10
2362;TRİX ;8
2363;TRİX ;7
2364;TROPIC ;4
2365;TROPİ ;18
2366;TROPİCANA ;3
2367;TROPİCANA ;4
2368;TRUFFLE ;1
2369;TRUVA ;4
2370;TUKAS ;8
2371;TUKAŞ ;8
2372;TULLUMİ ;8
2373;TULLUMİ ;4
2374;TULUM ;6
2375;TURCAN ;7
2376;TURK ;8
2377;TURNA ;5
2378;TURSAN ;8
2379;TURSIL ;5
2380;TURSİL ;5
2381;TURŞU ;8
2382;TUZ ;8
2383;TUZ ;5
2384;TUZLU ;11
2385;TUZLU-TUZSUZ ;11
2386;TUZOT ;8
2387;TÜKENMEZ ;10
2388;TÜRK ;8
2389;TÜRKOVA ;9
2390;TÜRKOVA ;6
2391;TÜRKOVA ;4
2392;TÜY ;5
2393;TÜYO ;5
2394;TWİX ;1
2395;UCLU ;5
2396;UCLU ;4
2397;UCUZ ;5
2398;UÇLU ;7
2399;UGURLUBEY ;4
2400;UĞUR ;5
2401;UĞURLU ;4
2402;UĞURSAN ;8
2403;UHU ;5
2404;UHU ;4
2405;ULAÇ ;4
2406;ULBAY ;5
2407;ULKER ;4
2408;ULKER ;1
2409;ULUDAĞ ;3
2410;ULUDAĞ ;4
2411;ULUTAŞ ;8
2412;UMEN ;17
2413;UNDANO ;17
2414;UNİ ;5
2415;UNİ ;4
2416;UNİ ;2
2417;UNİBABY ;4
2418;UNİSTANBUL ;8
2419;UNİSTANBUL ;4
2420;UNİSTANBUL ;17
2421;UNMAKS ;17
2422;UNO ;17
2423;UNO ;4
2424;USB ;2
2425;USB ;4
2426;USB ;7
2427;USKUMRU ;8
2428;UYGUR ;5
2429;UYGUR ;8
2430;UZAY ;5
2431;UZİ ;15
2432;ÜÇEL ;8
2433;ÜÇGEN ;8
2434;ÜÇPINAR ;16
2435;ÜLKER ;4
2436;ÜLKER ;1
2437;ÜLKER ;8
2438;ÜLKER ;3
2439;ÜLKER ;9
2440;ÜLLER ;4
2441;ÜLLKER ;4
2442;ÜNAL ;6
2443;ÜZÜM ;14
2444;VAKKO ;7
2445;VAKUMLU ;5
2446;VAN ;6
2447;VANİSH ;5
2448;VAPURCU ;5
2449;VARTA ;4
2450;VATAN ;8
2451;VATAN ;4
2452;VATAN ;5
2453;VAWİKS ;4
2454;VAZALİN ;5
2455;VAZELİN ;5
2456;VE-GA ;4
2457;VE-GAM ;10
2458;VEET ;5
2459;VEFA ;8
2460;VEFA ;4
2461;VEGA ;8
2462;VEGE ;5
2463;VELİ ;9
2464;VENUS ;2
2465;VENÜS ;21
2466;VERNEL ;5
2467;VERNEL ;4
2468;VERNER ;5
2469;VERONA ;1
2470;VERONELLİ ;8
2471;VIKING ;5
2472;VISSMATE ;5
2473;VITANA ;3
2474;VIVIDENT ;4
2475;Vİ-VET ;5
2476;VİGOR ;4
2477;VİLADA ;5
2478;VİLEDA ;5
2479;VİLEDA ;4
2480;VİM ;5
2481;VİN ;4
2482;VİNSU ;8
2483;VİPER ;4
2484;VİPSO ;8
2485;VİŞNE ;8
2486;VİT ;5
2487;VİVİDENT ;4
2488;VİVİDENT ;1
2489;VİVİDENT45 ;1
2490;VİVİVENT ;4
2491;VİZKOZ ;5
2492;VMAX ;7
2493;VMAX ;4
2494;VMAX ;21
2495;VOILA ;2
2496;VOİLA ;2
2497;VOLEYBOL ;15
2498;WATSON ;4
2499;WAX ;5
2500;WC ;5
2501;WELLA ;2
2502;WELSOFT ;4
2503;WESSO ;4
2504;WHISKAS ;4
2505;WHİSKAS ;18
2506;WHİSKAS ;4
2507;WHİTENNİG ;4
2508;WİCKET ;5
2509;WİNCELL ;5
2510;WİNLİTE ;4
2511;WİNSTON ;4
2512;WİPER ;16
2513;WİZYON ;5
2514;WORD ;5
2515;WORLD ;5
2516;XEN ;4
2517;XLİTE ;7
2518;YAKAMOZ ;8
2519;YAKUT ;4
2520;YAPIŞTIRICI ;5
2521;YAPIŞTIRICI ;7
2522;YAPSAR ;8
2523;YARA ;5
2524;YAYLA ;4
2525;YAYLA ;19
2526;YAYLA ;8
2527;YEDİGÜN ;3
2528;YEDİGÜN ;8
2529;YEDİGÜN ;4
2530;YEMEK ;5
2531;YEMEK ;21
2532;YERLİ ;14
2533;YEŞİL ;8
2534;YEŞİL ;19
2535;YEŞİL ;4
2536;YEŞİL ;6
2537;YILDIZ ;1
2538;YILKOS ;6
2539;YONCA ;8
2540;YÖRELEZ ;9
2541;YÖRELEZ ;8
2542;YÖRSAN ;8
2543;YÖRSAN ;1
2544;YÖRSAN ;3
2545;YÖRÜKOĞLU ;9
2546;YÖRÜKOĞLU ;8
2547;YÖRÜKOĞLU ;4
2548;YUDUM ;8
2549;YUFBI ;4
2550;YUFBİ ;4
2551;YUFKA ;8
2552;YUM ;15
2553;YUMA ;7
2554;YUMOŞ ;5
2555;YUMOŞ ;4
2556;YUMURTA ;8
2557;YUMURTA ;15
2558;YUMY ;5
2559;YUPO ;1
2560;YURT ;8
2561;YURT ;4
2562;YUVAM ;5
2563;YUVARLAK ;15
2564;YÜCE ;9
2565;ZAFER ;4
2566;ZAINI ;1
2567;ZAİKA ;8
2568;ZAİKA ;4
2569;ZAMBAK ;5
2570;ZENCEFİL ;12
2571;ZEYTİNİA ;8
2572;ZEYTİNYAĞLI ;5
2573;ZIPLAYAN ;15
2574;ZİRON ;4
2575;ZÜBER ;1
2576;ZÜBER ;8
